{
    "dev" : {
            "serverName":"localhost",
            "username":"root",
            "password":"root",
            "dbName":"RFO"
        },
    "sit" : {
            "serverName":"localhost",
            "username":"root",
            "password":"Crowswth2014",
            "dbName":"RFO"
        },
    "prod" : {
            "serverName":"sql300.epizy.com",
            "username":"epiz_23882938",
            "password":"mJ2eLelS2Y7",
            "dbName":"epiz_23882938_RFO"
        }

}   